# Hengla partition table — ESP32 flight controller, 4 MB flash.
#
# WHY THIS EXISTS: the stock huge_app.csv gives NVS 0x5000 (20 KB = 5 pages), and that is
# physically too small for this firmware's parameter set.
#
#   Arduino's Preferences::putFloat() calls putBytes() -> nvs_set_blob(), so every float is
#   stored as a BLOB, costing ~3 NVS entries (blob index + item header + data), not 1.
#     needed : (121 scalar + 80 servo + 26 calibration) x 3   = 681 entries
#     had    : (5 pages - 1 reserved for GC) x 126 entries    = 504 entries
#   (121 = the 147 rows of SCALARS[] minus the 26 CAL_* views, which own no NVS key of
#    their own; the servo rows are 16 channels x 5 fields, appended separately.)
#   681 > 504, so writes failed once the partition filled — silently, until the firmware
#   started checking putFloat()'s return. Symptoms were params not persisting, a
#   SERVOn_ROLE change not sticking, and values reading back as defaults after a reboot.
#
# ============================ READ THIS BEFORE EDITING ============================
# app0 MUST START AT 0x10000.
#
# PlatformIO does NOT read the app offset from this file. platform-espressif32's
# builder/main.py does:
#     ESP32_APP_OFFSET = board.get("upload.offset_address", "0x10000")
# so it flashes firmware.bin to a HARDCODED 0x10000 regardless of what this table says.
# An earlier version of this file moved app0 to 0x20000 to make room for a bigger NVS
# below it. The result: every upload wrote the app to 0x10000 while the bootloader looked
# for it at 0x20000, found erased flash, and the board did nothing at all — no display, no
# serial, and reflashing could never fix it because each flash repeated the same mistake.
#
# So NVS is placed AFTER the app instead. Partition order is free — nvs_flash_init() finds
# the partition by label, not by position — and this keeps app0 exactly where PlatformIO
# will put the binary. It also buys far more room than squeezing NVS in below the app ever
# could (that space is capped at 28 KB by the 0x9000 table boundary).
# ==================================================================================
#
# NVS is 0x20000 (128 KB = 32 pages) -> (32 - 1) x 126 = 3906 usable entries, ~5.7x what
# the current table needs. One page is always reserved for garbage collection.
#
# The 0x9000-0x10000 region is intentionally unallocated: nothing may live there, because
# anything placed below the app would push the app off 0x10000. A gap is legal (the ESP-IDF
# tool only rejects overlaps) and 28 KB is a cheap price for a bootable board.
#
# spiffs shrinks 896 KB -> 704 KB to fund the NVS growth. Nothing in the firmware uses
# SPIFFS (logging goes to the SD card), so that space was idle.
#
# Changing this file still rewrites bootloader + partition table + app; `pio run -t upload`
# does all three. Existing NVS contents do not survive a move: export parameters first.
#
# Name,     Type, SubType,  Offset,   Size,     Flags
app0,       app,  factory,  0x10000,  0x300000,
nvs,        data, nvs,      0x310000, 0x20000,
spiffs,     data, spiffs,   0x330000, 0xB0000,
coredump,   data, coredump, 0x3E0000, 0x10000,
